ticket_id,subject,body,type,queue,my_priority,my_rationale,confidence,borderline
TK00896,Request for Assistance with H2O.ai Azure Integration,"Customer Support team seeking guidance on integrating H2O.ai with Microsoft Azure to enhance investment data analytics workflows. Our organization aims to utilize H2O.ai's machine learning platform to improve our investment data analysis capabilities but is uncertain about how to seamlessly connect it with our existing Microsoft Azure infrastructure. Could you please share relevant documentation, tutorials, or resources that would facilitate our integration process? We are particularly interested in understanding the best practices and steps involved.",Request,Technical Support,,,,
TK10802,Support for Data Analytics Upgrade,Request for enhancement of data analytics capabilities to optimize investment for better decision-making and improved performance across our product lines. Our current data analytics tools fall short in providing the necessary insights to drive business growth. We are interested in advanced features such as predictive modeling and real-time data visualization to help us respond swiftly to market changes and stay ahead of the competition. We believe this enhancement to be significant.,Change,Technical Support,,,,
TK14220,Multiple Platforms Suffering From Disrupted Connectivity,"Users are encountering issues with connectivity on various platforms, which might be related to recent software updates. Initial steps like reboots, software rollbacks, and network configuration checks did not resolve the problem. The issue continues to persist, and assistance is needed to address and restore normal functionality.",Incident,Technical Support,,,,
TK14230,Examine Decreased Digital Marketing Engagement Levels,"Noted a downturn in digital marketing strategies leading to reduced engagement and conversion rates, possibly due to recent algorithmic changes. Despite efforts to optimize campaigns, refine targeting, and reallocate budgets, there has been no improvement. Requesting assistance in analyzing the issue and providing recommendations for improvement. Please inform if further details are needed to proceed with the analysis.",Incident,Product Support,,,,
TK05939,Boost Digital Marketing Tools Integration,"Customer Support, we are seeking to enhance the integration of digital marketing tools for request enhancement. This improvement would significantly boost brand growth and analytics capabilities across various platforms. Enhanced integration would enable us to track performance more effectively and make data-driven decisions. Additionally, it would help us streamline our marketing efforts and reduce costs. We believe this enhancement would be highly beneficial for the company's growth. Looking forward to your response soon. Thank you for considering this request.",Change,IT Support,,,,
TK08384,,"A financial firm is encountering irregular analytics outcomes with their investment optimization tools, which might be due to recent data integration challenges. So far, we have verified the data sources and checked for software updates. We would appreciate your assistance in resolving this issue to ensure accurate results.",Incident,General Inquiry,,,,
TK02625,Detected Discrepancies in Investment Forecasts,"Customer Support, reporting an issue with the financial firm's investment forecasts. Observed that the predictions are inaccurate, possibly due to problematic data integration. The team attempted to recalibrate the algorithms and data sources, but the problem persists. We are concerned that this may impact investment decisions and would like to request assistance in resolving the issue. Could you please review and suggest solutions for improvement? We appreciate your prompt attention to this matter and look forward to your response.",Problem,Customer Service,,,,
TK13753,Urgent Reporting of Security Breach in System,"Faced a security breach in the system, leading to the exposure of sensitive medical data. The breach might have been due to outdated software and weak passwords. Steps have been taken to mitigate the issue, such as changing passwords, updating security settings, and running antivirus scans. However, the problem continues to persist, and assistance is required to resolve it.",Problem,Technical Support,,,,
TK14713,,"Customer Support, exploring digital strategies to enhance brand growth. Could you provide information on methods and techniques to increase brand awareness and engagement? I would greatly appreciate detailed insights into your approach, including social media marketing, content creation, and customer interaction. Additionally, I would like to know about the analytics and measurement tools you use to track the success of your strategies. Thank you for your assistance, and I look forward to hearing from you soon.",Request,Customer Service,,,,
TK02928,Project Setback,"The user reports occasional delays in updating project tasks, potentially caused by database synchronization problems. Efforts to resolve included clearing cache and refreshing the page.",Problem,Product Support,,,,
TK14743,,"A significant problem has emerged with the data analytics software, which is hindering accurate investment optimization following the latest updates to Magento 2.4. We have already tried rebooting and installing the necessary patches.",Incident,IT Support,,,,
TK02976,,"Customer Support, I am reaching out to inquire about integrating Django 3.2 into a scalable SaaS project management platform. Could you provide comprehensive details on how to accomplish this integration? I would also appreciate any documentation or guides available. Specifically, I am interested in understanding the necessary steps to set up the integration, the features that are supported, and any potential challenges that might arise. Additionally, I would like to know about specific system requirements and any compatibility issues to be aware of. Thank you for your time.",Request,Sales and Pre-Sales,,,,
TK13837,Support Inquiry for Epson Scanner Integration,Request for integrating the Epson WorkForce ES-500W Scanner to improve compatibility with existing project management tools and streamline workflow.,Change,Product Support,,,,
TK06454,Unplanned Service Disruption Impacting Analytics Functions,"Hello Customer Support, we are encountering an unexpected service disruption that is impacting several critical analytics tools. This issue might be due to server overload or ongoing system maintenance. Our team has already attempted to restart the affected applications and checked the network stability, but the problem still persists. We are requesting your prompt assistance in resolving this matter. Could you please provide an estimated time for resolution? We greatly appreciate your swift attention to this issue and look forward to a timely resolution.",Incident,Service Outages and Maintenance,,,,
TK11429,Problems with Network Connections in Equipment,A financial company is facing connectivity issues with several of its products. Efforts to resolve the problem have included restarting the switch and checking network settings.,Incident,Technical Support,,,,
TK13417,,"Hello Customer Support, we are experiencing issues with the data analytics tool that was supposed to provide proper insights for investment optimization. The problem might have arisen due to recent software updates. We have tried reconfiguring the settings and restarting the application, but the issue still persists. We kindly request your assistance in resolving this matter at your earliest convenience.",Problem,Technical Support,,,,
TK03575,,"Customer Support,\n\nI am reaching out to highlight a recent problem faced by our marketing agency. We've observed recurring system performance issues that are impacting several products. Our initial troubleshooting steps included rebooting servers and updating software, but the problems continue.\n\nThese slowdowns are hindering our productivity and affecting our ability to deliver services to clients on time. We suspect that overloaded servers might be the cause and would appreciate assistance in resolving this matter.\n\nCould you please investigate the system performance issues and offer recommendations? Additionally, kindly provide system logs and configuration details for analysis. You can contact us at <tel_num> to discuss the specifics of the problem.",Problem,IT Support,,,,
TK13896,Support for Smart Licht on MacOS Monterey,"Seeking comprehensive guidance on integrating Smart Licht into project management workflows for MacOS Monterey. Would greatly appreciate detailed step-by-step instructions and any resources that can assist in getting started. Also, could you provide information on compatibility and potential issues?",Request,Technical Support,,,,
TK07201,,"Customer Support, I am reporting a network connectivity issue that has disrupted access to digital tools crucial for our brand growth strategies. This issue might be due to a recent firmware update on the Aruba 2530 switch. I have already attempted a reboot and checked the connections, but the issue still persists. I would greatly appreciate it if you could look into this matter and provide a solution as soon as possible. Please let me know if you need any additional information from me. Thank you for your time and assistance.",Incident,Technical Support,,,,
TK13987,Urgent Assistance for Digital Strategy Optimization,"I need immediate support to optimize our digital strategy tools. Our team is struggling to track performance metrics, which is impacting our brand growth. We need help in fully utilizing these tools to their potential. Could you please provide guidance on how to overcome these challenges? I appreciate your prompt attention to this matter and look forward to your response.",Change,Technical Support,,,,
TK14163,Support Required for Medical Data Breach,"An unauthorized data breach has occurred in our medical data systems, potentially exposing patient information due to misconfigured security settings. Despite running security scans and updating software, vulnerabilities still persist. Immediate assistance is needed to secure our infrastructure and protect sensitive patient data.",Incident,Technical Support,,,,
TK06319,Request for PostgreSQL Integration Support,"Dear Customer Support Team, I am seeking detailed information on integrating PostgreSQL into our project management SaaS. Could you provide a step-by-step guide and documentation that outlines the process? I would greatly appreciate additional resources to ensure a successful integration. Specifically, I am interested in knowing about any compatibility issues, necessary configurations, and best practices for optimizing performance. Thank you for your time and assistance. I look forward to hearing back soon.",Request,Returns and Exchanges,,,,
TK05196,Report of Malfunction in Investment Optimization System,"Dear Customer Support,<br><br>Our firm's data analytics platform experienced a crash in the investment optimization module, likely due to software conflicts or hardware overload. Initial troubleshooting steps included restarting the applications and performing hardware diagnostics; however, the issue persisted. Despite these efforts, the problem remains unresolved, and we are seeking further assistance.<br><br>The crash occurred during a critical period for investment optimization, causing significant delays and risking potential financial losses. Our team attempted to identify the root cause, but the complexity of the situation has hindered resolution.",Incident,Technical Support,,,,
TK13058,Reported Problem with Avast Integration,Multiple users are encountering integration difficulties with Avast Premium Security and project management tools. The issue might be related to conflicting software updates or network configurations. Users have tried reinstalling and clearing cache but to no avail. Assistance is needed to resolve the problem.,Problem,Customer Service,,,,
TK08609,Technical Error in Investment Analytics Report,"The financial firm encountered errors during the data processing of its investment analytics report. Potential causes may include software incompatibility or configuration errors. Despite attempting to update Perl and reinstalling the affected software, the problem continues to persist.",Problem,Product Support,,,,
TK11320,Recurring Outages with Digital Tools - Seeking Resolution,"Customer Support, facing persistent outages with digital tools, which are hindering our brand growth initiatives. It could be due to software incompatibility following recent updates. Despite attempting device reboots, checking network connections, and updating software, the issues have not been resolved. The support team has tried various troubleshooting methods, but the problem remains unresolved. We would greatly appreciate if you could look into this matter and provide a solution at your earliest convenience. Please let us know if there are any additional steps needed.",Problem,Technical Support,,,,
TK03171,Request for Assistance with Security Incident,"A potential security incident may have compromised patient information due to outdated encryption methods. The affected products are under review. An initial threat evaluation has been performed, and an encryption upgrade was attempted to prevent further breaches. The security team is actively working to ensure systems remain secure and current. An investigation continues to determine the full scope of the breach and to implement any additional security protocols required. Protecting patient privacy and data security remains our highest priority.",Incident,Returns and Exchanges,,,,
TK00848,Inquiry About Data Security Solutions,"Dear Customer Support,\n\nI am reaching out to request comprehensive documentation regarding data security solutions for hospital systems and medical data. As a representative of a healthcare organization, it is crucial for us to guarantee the confidentiality, integrity, and availability of patients' sensitive information. We are interested in understanding your company's strategies for safeguarding medical data against unauthorized access, cyber threats, and data breaches. Could you kindly provide detailed documentation that describes your data security measures, including encryption techniques?\n\nThank you.",Request,Sales and Pre-Sales,,,,
TK02987,Enhancing Data Analytics for Investment Management,"A financial organization focusing on investment data analytics is experiencing system performance issues when integrating various products. These slowdowns may be due to resource conflicts or data overloads. Despite attempts to reboot the systems and update the software, the problems persist. The firm manages a sizable investment portfolio that depends heavily on data analytics to make well-informed decisions. The ongoing system delays are leading to operational setbacks and potential financial losses. We seek assistance in resolving these issues. Could you please help?",Problem,Customer Service,,,,
TK03584,Problem with Data Accessibility,"A healthcare organization encountered difficulties accessing data across several systems, potentially due to network setup errors. They have rebooted the VPN router and checked Ansible scripts, but the problem remains. Kindly help us resolve this issue promptly.",Incident,Technical Support,,,,
TK06107,Enquiry into Data Analytics Solutions,Is it possible to get details on data analytics solutions that can optimize investment strategies? I am keen to learn about the tools and techniques that can assist investors in making informed decisions.,Request,Product Support,,,,
TK15383,Concerns About Ad Performance,"Facing inconsistent ad performance across various platforms, which may be related to recent algorithm updates. Although I have adjusted targeting settings and reallocated budget resources, there has been no significant improvement. I need help to resolve and optimize ad performance.",Problem,Technical Support,,,,
TK03285,,"Dear Customer Support,\n\nI am reaching out to highlight an incident related to the Billing Payments queue. Several billing errors across multiple products have been reported, which may be due to synchronization problems with the payment gateway integration. Our team has attempted to troubleshoot the issue by verifying transaction logs and retrying payment requests, but unfortunately, the problem continues.\n\nWe are concerned that this issue might impact customers' ability to make payments and would appreciate your assistance in resolving it promptly.",Incident,Billing and Payments,,,,
TK12579,,Would you be able to offer insights on digital strategies that could enhance brand growth? Thank you!,Request,Technical Support,,,,
TK00816,Medical Data Security Weaknesses,"Customer Support team is highlighting concerns regarding vulnerabilities in the security of medical data within hospital systems. A healthcare provider encountered problems potentially due to insufficient encryption and outdated software. Initial efforts to fix the issue involved changing passwords and applying basic software updates, but these measures did not fully resolve the problem. We are worried about the possible risks associated with these vulnerabilities, including data breaches and unauthorized access to sensitive medical information. Your assistance would be appreciated.",Problem,Returns and Exchanges,,,,
TK00526,Combining Marketing Processes,"Dear Customer Support Team,\n\nI hope this message reaches you well. I am currently engaged in enhancing the efficiency of marketing activities across multiple departments, including creative, analytics, and content teams. Recently, we have incorporated new storage hardware along with connected smart infrastructure. Our goal is to ensure smooth management and optimal utilization of these resources, and we are seeking expert advice.\n\nSpecifically, I would like to learn about best practices for integrating various marketing workflows with the newly implemented hardware storage solutions.",Request,IT Support,,,,
TK09522,Enhancements in Data Security Protocols,"Customer Support is requesting the implementation of enhancements to the data security protocols for medical data systems within a healthcare provider's settings. The current protocols are deemed sufficient for protecting sensitive patient information from cyber threats. However, we would like to see the implementation of robust encryption methods, regular security audits, and employee training programs to ensure the confidentiality and integrity of the medical data. Additionally, the recommendation is to use secure communication channels and limit access to authorized personnel only.",Change,Sales and Pre-Sales,,,,
TK16338,Inquiry About Project Management Features,"Looking for detailed information on the project management SaaS features and customization options available on your platform. Specifically, I am interested in learning about the various tools and functionalities the platform offers, as well as the workflow automation and reporting capabilities. Additionally, I would like to know about the third-party app and service integrations. Thank you for your assistance, and I look forward to hearing back soon. Please let me know if there is any additional information you need.",Request,Technical Support,,,,
TK03463,Data Integration Issue in Financial Analytics Tools,"A financial organization encountered failures in data integration across several analytics platforms, potentially due to recent software updates. The preliminary troubleshooting steps included restarting systems and applying software patches. Technical support is required to restore smooth investment data processing and analytics capabilities. Assistance is urgently needed to resolve the problem promptly.",Incident,Technical Support,,,,
TK01114,Issue with Multi-Product System Disrupting Digital Strategy,"We are currently experiencing a critical problem with the marketing agency's multi-product system, which is causing failures that interfere with the execution of our digital strategy. Despite our efforts to troubleshoot, the issue remains unresolved. Potential reasons might include software conflicts or network problems. We have restarted devices, updated software, and verified configurations, but the issue persists. We would greatly appreciate your assistance in identifying the root cause and providing a solution to get the system operational again.",Incident,IT Support,,,,
TK00751,Failure of Marketing Agency,"Expressing disappointment with the digital strategies executed by the marketing agency. Despite initial efforts, the adjustments made to campaign content did not result in increased brand growth. It seems there was a mismatch between the product and the target audience, which may have contributed to the lack of success. I would appreciate it if you could examine this matter and provide a detailed analysis of where things went wrong. Specifically, I am interested in understanding the steps taken to identify and address the targeting issues, as well as any alternative strategies that could have been employed.",Incident,Returns and Exchanges,,,,
TK07051,Investment Analytics Tools,Need to integrate investment analytics tools with data from multiple sources.,Problem,Returns and Exchanges,,,,
TK08877,Request for Support on Integrating Norton Antivirus with Project Management Tools,"I am reaching out to inquire about integrating Norton Antivirus into our SaaS project management tools. Could you provide some information on this topic? I would greatly appreciate any guidance or documentation that could help me get started. Specifically, I am looking for information on how to configure the integration, potential compatibility issues, and troubleshooting common problems. Thank you in advance for your assistance. I look forward to hearing from you soon.",Request,IT Support,,,,
TK02603,Support Required for Billing Concerns,"Facing billing difficulties across several healthcare products. Despite performing initial troubleshooting steps such as system restarts, the problem remains unresolved. I suspect the issue may be related to integration errors or outdated payment components. I would appreciate it if you could investigate this matter and offer a solution promptly. Please let me know if further details are needed to resolve the issue. I look forward to your response. Thank you for your time and assistance.",Problem,Billing and Payments,,,,
TK03890,Interruption in Software and Hardware Tools,"The marketing agency encountered interruptions with several software and hardware tools, potentially due to conflicts from recent system updates. Initial troubleshooting steps involved rebooting devices and reinstalling the affected applications, but the problems continue. Assistance is required promptly to resolve these issues and minimize work disruption.",Incident,Product Support,,,,
TK03544,,"Customer Support, we are reaching out to request detailed documentation on the security protocols in place for healthcare data at the hospital. As a valued customer, we want to ensure that sensitive information is adequately protected. Could you please provide information on the measures that are in place to safeguard against data breaches and cyber threats? We would greatly appreciate it if you could include details on encryption methods, access controls, and the incident response plan. This would help us better understand the security posture and provide assurance regarding the protection of data.",Request,Customer Service,,,,
TK14961,Notice Concerning Recent Security Breach,"A recent security breach has been identified in the hospital's systems, leading to the compromise of sensitive medical data. We have promptly applied security updates and are closely monitoring network activity for any irregularities.",Incident,Technical Support,,,,
TK10192,Problem with Software Integration Tools,"Customer Support,<br><br>I am reporting an issue with the integration of the software tools, including the Smart-Küchengeräte malware protection applications. The tools are experiencing integration problems that might be due to incompatible updates or conflicts with other applications. Despite restarting the affected devices and checking for the latest updates, the issues still persist.<br><br>This problem is affecting the overall performance of the system and could lead to complications if not addressed promptly. I would appreciate it if you could look into the matter and provide assistance.",Incident,IT Support,,,,
TK09687,Support for Billing Error,"There was an error in billing that resulted in duplicate charges on my account. This might have happened due to a recent system glitch. Despite reviewing my transaction history, the issue still persists. I would greatly appreciate it if you could look into this matter and assist us in resolving it as soon as possible.",Problem,Billing and Payments,,,,
TK14259,Support Data Issue,"A significant data discrepancy has been observed in the investment analytics system, which is impacting the accuracy of financial decision-making.",Incident,Product Support,,,,
TK13077,Challenges with Medical Data Security,"Encountering security vulnerabilities in medical data systems due to outdated software configurations. Despite updating software and firewalls, the issues continue. Require assistance to resolve these vulnerabilities and ensure the security of medical data.",Problem,Product Support,,,,
TK00198,Sales Query,"Dear Customer Support Team,\n\nI hope this message reaches you well. I am reaching out to inquire about the architecture of the SaaS platform as part of a potential purchase decision for our company. Gaining insight into the technical specifications and features of the platform is essential for us to determine how well it meets our business needs and technical criteria.\n\nSpecifically, I would like to understand the core infrastructure of the SaaS solution, including its scalability, security protocols, and integration options. Could you please provide comprehensive details about the platform?",Incident,Sales and Pre-Sales,,,,
TK04370,Digital Tool Malfunctions Lead to Daily Disruptions,"Customer Support, composing a report about a technical problem with the marketing agency's digital tools. The software experienced a malfunction, resulting in substantial workflow interruptions. Despite efforts such as restarting applications and updating software, the problem continues. The issue may stem from software conflicts across various devices. Our team depends heavily on these tools for campaign management, and the ongoing disruptions are affecting our productivity and efficiency. We would be grateful for your assistance.",Incident,Technical Support,,,,
TK05491,Access Problem,"A healthcare provider is facing difficulties accessing data, which is impacting the hospital's medical records system. The suspicion is that there may be a misconfiguration with the VPN router connected to Microsoft Dynamics 365. Attempts to resolve the issue included resetting the router, running diagnostics on Dynamics 365, and reauthenticating the VPN connection, but none of these steps successfully resolved the problem. We are concerned about how this affects our ability to access vital patient information and manage hospital operations efficiently. Could you please assist us in troubleshooting this issue?",Problem,Billing and Payments,,,,
TK12606,,"I'm interested in learning about the SaaS features, project management, and scalability of your platform. Could you provide information on whether your platform supports large projects and teams? I would greatly appreciate details on the tools and features that enable efficient collaboration and task management. Thank you for your assistance, and I look forward to hearing from you soon.",Request,Returns and Exchanges,,,,
TK12478,Request for NZXT Marketing Strategy Support,"Hello Customer Support, I am writing to discuss the implementation of enhanced digital marketing strategies for the NZXT Kraken Z63 and related products. Our goal is to boost brand visibility and engagement. We would like to explore options such as social media campaigns, influencer partnerships, and targeted advertising. Could you please provide guidance on the available approaches and resources? We are looking forward to hearing from you and working together to enhance the online presence of NZXT products.",Change,Product Support,,,,
TK15241,Concern Regarding Lead Generation,"Our agency has encountered a significant decrease in lead generation following the recent campaign. This drop might be attributed to unforeseen issues with the software integration between Microsoft Dynamics 365 and Monday.com. Despite our efforts to troubleshoot and reconfigure data settings, we have not yet found a solution. We have also reviewed system logs and checked for any recent updates or patches that might have caused the issue. However, we need your assistance to resolve this problem and get our lead generation back on track. Could you please provide further details?",Problem,Product Support,,,,
TK02632,Downtime Problem in Project Management System,"The project management SaaS encountered sporadic outages impacting several products. The suspected cause is conflicts from a recent Docker update. After restarting the containers, the problem remains. We are currently investigating the issue and working toward a solution. Kindly inform us if you have any questions or concerns.",Incident,Product Support,,,,
TK05909,Enhancing Digital Strategies for Brand Growth,Requesting assistance in optimizing digital strategies to effectively utilize available resources for improved online presence and brand growth. Aim is to increase brand visibility. Please offer guidance on how to achieve this goal. Appreciate your support and look forward to your response.,Change,Product Support,,,,
TK14369,Urgent: Severe Failure in Data Analytics Tool,"Customer Support, reporting severe failure in one data analytics tool, which has disrupted investment optimization processes. Possible causes of the issue may include software incompatibility due to recent updates. Attempts to restart the applications and reinstall updates have been unsuccessful. We would greatly appreciate your assistance in resolving this issue as soon as possible. Please let us know if you require any additional information to facilitate the troubleshooting process. Thank you for your attention.",Incident,Technical Support,,,,
TK13824,Investment Support Inquiry,"Dear Customer Support, I hope this message finds you well. I am writing to draw your attention to a pressing matter concerning the discrepancies in my investment performance analytics. Recently, I have noticed some inconsistencies that may stem from data integration issues. Despite thoroughly reviewing the accuracy of my data inputs, the discrepancies still persist and remain unresolved. I would greatly appreciate it if you could look into this matter urgently and provide a solution to rectify the situation. These inconsistencies are causing difficulties in my financial planning and decision-making processes. I am confident that your prompt assistance will be greatly appreciated.",Problem,Customer Service,,,,
TK00836,SAP ERP System Integration Instructions,"Dear Customer Support, I am requesting comprehensive integration instructions for connecting our scalable SaaS SAP ERP Central Component 6.0. Could you please supply detailed, step-by-step procedures to establish a smooth connection between the two systems? This would greatly assist us in optimizing our business workflows and enhancing overall productivity. Specifically, we are interested in the required configuration parameters, potential compatibility concerns, and troubleshooting advice. Additionally, any supplementary information would be appreciated.",Request,Product Support,,,,
TK04360,,"Customer Support, I am submitting a request to improve the scalability of the system to prevent service outages that affect multiple critical software and hardware products. Recent outages have caused considerable operational disruptions and financial losses. I believe that enhancing the system's scalability will help avoid such outages in the future and ensure a more seamless experience for our customers. I would appreciate it if this matter could be prioritized, and a solution provided as soon as possible. Please keep me informed.",Change,Service Outages and Maintenance,,,,
TK13189,Concern Regarding Data Access,Faced data access challenges with medical records in the Kubernetes environment likely due to misconfigurations or access control issues.,Incident,Product Support,,,,
TK11695,Request for Information on Securing Medical Data Services for Healthcare Providers,Could you provide detailed information on securing medical data services for healthcare providers to ensure the confidentiality and integrity of patient information? Your assistance would be greatly appreciated.,Request,IT Support,,,,
TK13793,Incorrect Charge,"Recently received an unexpected charge on the invoice, believed to be due to a billing error.",Problem,Billing and Payments,,,,
TK14858,Enhancing Investment Analytics Performance,"Customer Support, looking to inquire about optimizing investment analytics using Microsoft SQL Server and Ruby on Rails. Could you provide detailed information on how to integrate these technologies to improve investment analytics capabilities? Specifically, I would like to know the benefits of using Microsoft SQL Server for data storage and Ruby on Rails for application development. I would appreciate guidance on how to optimize database queries to ensure a smooth data exchange between the two platforms. Additionally,",Request,IT Support,,,,
TK07774,,Request to update the digital strategy framework to enhance brand growth and streamline marketing efforts to increase engagement and conversion rates.,Change,Product Support,,,,
TK04335,Integrate Adobe SaaS,"Can you supply documentation for integrating Adobe SaaS, specifically Adobe Illustrator CC 2021 with Figma?",Request,Technical Support,,,,
TK08779,Delayed Dashboard Loads,Encountering delayed load times when accessing project dashboards amid heightened user traffic. Already attempted clearing the cache and refreshing the browser.,Problem,Customer Service,,,,
TK00798,Enhancement of Oracle Database Performance,Upgrade Oracle Database 19c with Git version 2.32,Change,Sales and Pre-Sales,,,,
TK04816,Discrepancies Detected in Billing,"Customer support for a healthcare provider encountered unforeseen inconsistencies in billing. Potential reasons might involve software setup issues or errors in data synchronization. An initial attempt included rebooting the system and manually reviewing invoices. However, the problem remains unresolved, and assistance is needed to correct the discrepancies. Efforts to identify the root cause have so far been unsuccessful. We would appreciate guidance on the next steps to take. Kindly inform us of any additional troubleshooting procedures.",Problem,Billing and Payments,,,,
TK04650,Problems with the Digital Marketing Campaign,The campaign has encountered a decline in engagement levels.,Incident,IT Support,,,,
TK07879,,"have noticed a sharp decline in website traffic, which is affecting the brand's online presence. this could be due to recent updates made to Drupal Commerce. steps taken such as clearing the site cache and testing different browser settings have not been successful. we would appreciate your assistance in resolving this issue.",Incident,Technical Support,,,,
TK15952,,"I am interested in learning about the SaaS features related to project management and scalability. Could you provide information on whether the platform supports large projects and teams? I would greatly appreciate details on the tools and features that enable efficient collaboration and task management. Thank you for your assistance, and I look forward to hearing back soon.",Request,Returns and Exchanges,,,,
TK08873,Help Needed with IFTTT Docker Integration,"I am encountering integration problems with IFTTT Docker, which are disrupting my project. The issue may be due to software version compatibility problems. Despite updating and reconfiguring, the problem remains. I need help to resolve this issue.",Problem,Technical Support,,,,
TK14670,Concern Over Marketing Performance,"The marketing agency observed a decline in brand engagement. This could be due to recent algorithm changes or ineffective ad targeting. Despite reviewing ad performances and adjusting settings, there has been no improvement.",Incident,Customer Service,,,,
TK15395,Alert for Unauthorized Access Triggered Today,An unauthorized access alert was triggered on the hospital's system. This may have occurred due to a potential phishing attempt involving employee credentials. Passwords have been changed and user activity is being monitored for any unusual behavior.,Incident,Human Resources,,,,
TK15417,Enhancing Digital Content with Adobe Premiere Pro 2021,Can you provide detailed advice on optimizing Adobe Premiere Pro 2021 to enhance our brand's digital content? I need some tips.,Request,IT Support,,,,
TK11642,Required Assistance for Marketing Support,"The marketing agency has observed a sudden drop in brand engagement metrics. This may be due to recent modifications in digital strategies and platform algorithms. Despite efforts to analyze performance reports and adjust campaigns, engagement levels remain low. We need your help in identifying the root cause and implementing effective solutions to boost engagement.",Incident,Technical Support,,,,
TK02105,Reported System Crash Problem,"The investment data analytics platform has experienced occasional system failures during processing. The probable cause is related to hardware and software integration conflicts. Attempts to resolve the issue through rebooting, applying software updates, and conducting hardware inspections have been unsuccessful. These system failures have caused significant delays and data loss. We kindly request urgent support to address this problem and prevent further disruptions. Please provide a comprehensive action plan to resolve the issue and avoid future incidents. Your prompt attention is highly appreciated.",Incident,Technical Support,,,,
TK02762,Assistance with Marketing Agency's Digital Campaigns,"The digital marketing campaigns managed by the agency are not achieving desired results, potentially due to technical problems or misaligned strategies. We have attempted to enhance ad targeting and adjust budgets, but these efforts have not yielded the expected impact. We would be grateful if you could examine the situation and offer your expertise to help resolve the issue. Our team is available to discuss further details and may need additional information to assist.",Incident,Service Outages and Maintenance,,,,
TK02434,Unexpected failure of digital marketing platform today,"The digital marketing platform experienced an unexpected failure, which disrupted our brand strategies. Potential reasons for this include server overload or software incompatibility. Restarting the system temporarily resolved the problem.",Incident,IT Support,,,,
TK03403,Drupal Commerce Assistance,"Customer support inquiry regarding detailed billing and payment options for integrating the Drupal Commerce SaaS platform. Could you please share information about available payment gateways, subscription plans, and any additional fees related to the integration? I would also appreciate it if you could provide documentation or guides to assist with the setup. Thank you for your time and assistance. I look forward to your response soon.",Request,Billing and Payments,,,,
TK02534,Customer Support Request for Product Access Issues,"Dear Customer Support, we are encountering significant disruptions with our product access across multiple platforms, which is impacting our campaign execution. There are possible issues related to system outages or update conflicts. We have already restarted our devices, cleared the cache, and checked our network connections, but we haven't found a resolution yet. We are eager to find a solution and would appreciate your help in resolving this issue soon. Please provide us with any additional troubleshooting steps that could be taken. Thank you for your assistance.",Incident,Service Outages and Maintenance,,,,
TK14292,Request to Update Digital Strategies for Brand Growth,Request for an update on digital strategies to enhance brand growth across all our products and services. We need assistance to better compete in the market and increase our online presence.,Change,Customer Service,,,,
TK10394,,request for enhancement in project management software. need to improve integration with external devices and services for a better user experience and functionality. aim to enable a seamless workflow to boost productivity.,Change,Product Support,,,,
TK07909,Discussion on Marketing Campaign Support,"The marketing campaign has not achieved the expected engagement levels. There might be issues with ineffective targeting and ad fatigue, which could be causing the problem. After analyzing the audience segmentation and adjusting the budgets, the results are still below par.",Incident,Customer Service,,,,
TK04296,Service Reliability Concern,"Customer Support, preparing an incident report related to instability in the SaaS service project management platform. The potential cause for the issue might be a traffic spike leading to backend failures. Initial troubleshooting steps have been taken, including server restarts and log reviews. Despite these efforts, the problem remains unresolved. We would highly appreciate it if you could prioritize this matter and assist in restoring service stability. Please let us know if additional information is required.",Incident,IT Support,,,,
TK08910,Query Regarding Customer Support,"Hello Customer Support, our marketing team is unable to access brand analytics through PostgreSQL. The problem might be due to recent system updates that have impacted database connections. We have already verified the network settings and rebooted the server, but the issue still persists. We have confirmed that the database credentials are correct. It seems the problem is related to the recent system updates. We would greatly appreciate it if you could look into this matter and provide a solution as soon as possible. Please let us know if you need any additional information.",Incident,Technical Support,,,,
TK10895,Report on Network Problems,Encountering inconsistent connection problems on various devices.,Problem,IT Support,,,,
TK08890,Details on Securing Medical Data in Hospital Systems,Could you provide information on securing medical data to enhance hospital systems? Thank you.,Request,IT Support,,,,
TK15077,Need Assistance with Figma Integration,"Dear Support Team, we are seeking your guidance on integrating Figma with Adobe Creative Cloud to enhance our design collaboration. We are keen on understanding the benefits this integration can bring to our team's workflow and would appreciate detailed step-by-step instructions or recommended resources to help us get started. Your assistance in this matter would be greatly appreciated. We look forward to your prompt response and are eagerly awaiting your guidance. Thank you for your time and assistance.",Request,Technical Support,,,,
TK01687,Digital Campaigns Not Meeting Expectations,The marketing agency's online campaigns are underperforming even after refining strategies and adjusting target audience segments.,Problem,Product Support,,,,
TK04285,Growth Strategies,Is it possible to receive insights on optimizing digital strategies for brand growth utilizing IBM Cloud services? I would love to learn more about leveraging the available tools.,Request,Product Support,,,,
TK15769,Customer Support for System Disruption,"There was a system disruption that affected multiple software, hardware, and data analytics operations. This might be due to software incompatibilities or network issues. Users have tried restarting their devices and reinstalling affected applications, but to no avail. The disruption caused significant delays and impacted productivity. We kindly request your assistance in resolving this matter as soon as possible. Please provide guidance on the next steps and let us know if it is convenient to schedule a meeting to discuss further. We appreciate your cooperation.",Incident,Product Support,,,,
TK13777,Microsoft Teams Support,"Seeking detailed guidance on integrating the Microsoft Teams SaaS project management solution. Would appreciate step-by-step instructions, documentation, and any help with the process. Could you provide additional resources and support to ensure a successful integration?",Request,Technical Support,,,,
TK10885,Strategies for Boosting Brand Awareness and Engagement via Digital Marketing,"Hello, we are inquiring about digital marketing strategies to enhance our brand growth. We would greatly appreciate detailed information on methods to increase brand awareness and engagement. Could you provide insights on social media approaches, content creation, and advertising? We look forward to your assistance and hope to hear from you soon.",Request,Product Support,,,,
TK06238,,"Dear Customer Support, I am encountering problems with the investment performance analytics after the latest software update. Despite my efforts to revert the update and restart the systems, the issue continues. I suspect there might be compatibility issues with my existing tools and analytics methods. I would greatly appreciate it if you could look into this matter urgently and provide a solution. Please let me know if you need any additional information from me. I am available to discuss and provide necessary details. Thank you.",Incident,Product Support,,,,
TK07368,Support Concerning Security Breach,Noted unauthorized access attempts on medical data systems due to outdated security protocols.,Problem,Technical Support,,,,
